<?xml version="1.0" encoding="UTF-8"?>

<alumnos xmlns:xsi="http://www.w3.org/2001/XMLSchema-instance"
xsi:noNamespaceSchemaLocation="alumnoAC521.xsd">

    <alumno dni="88738775">
        <nombre>María Juana de la Rosa</nombre>
        <sexo>J</sexo>
        <direccion>
            <calle>Antión Martín</calle>
            <numero>12</numero>
            <ciudad>San Cristóbal de la Laguna</ciudad>
            <provincia>S/C de Tenerife</provincia>
        </direccion>
        <edad>85</edad>
        <telefono>
            <fijo>922536599</fijo>
            <fijo>933225555</fijo>
            <fijo>688958638</fijo>
            <movil>988958638</movil>
            <movil>633954565</movil>
            <movil>645859663</movil>
        </telefono>
    </alumno>

    <alumno dni="28548234F">
        <nombre>Juan</nombre>
        <sexo>M</sexo>
        <direccion>
            <calle>Miami</calle>
            <numero>666</numero>
            <ciudad>Melo Confirmó</ciudad>
            <provincia>Florida</provincia>
        </direccion>
        <telefono>
            <fijo>822536599</fijo>
            <fijo>933225555</fijo>
            <movil>65598898</movil>
        </telefono>
    </alumno>

    <alumno dni="8799874F">
        <nombre>Laura</nombre>
        <direccion>
            <calle>La Gozadera</calle>
            <numero>2</numero>
            <ciudad>Granadilla de Abona</ciudad>
            <provincia>S/C de Tenerife</provincia>
        </direccion>
        <edad>20</edad>
        <telefono>
            <fijo>9225365999</fijo>
            <fijo>833225555</fijo>
            <movil>655598898</movil>
        </telefono>
    </alumno>

    <alumno dni="87998740">
        <nombre>Alfonso Idelfonso de los Santos</nombre>
        <direccion>
            <calle>La Gozadera</calle>
            <ciudad>Granadilla de Abona</ciudad>
            <provincia>S/C de Tenerife</provincia>
        </direccion>
        <edad>25</edad>
        <telefono>
            <fijo>255874</fijo>
            <fijo>922336699</fijo>
            <movil>66655545</movil>
        </telefono>
    </alumno>

</alumnos>

<!-- 1DAMB - Daniel Castro Cruz -->